{"phones": ["a", "ai̯", "au̯", "e", "ei̯", "f", "i", "j", "k", "kʰ", "l", "m", "n", "o", "ou̯", "p", "pʰ", "s", "t", "ts", "tsʰ", "tɕ", "tɕʰ", "tʰ", "u", "w", "x", "y", "ŋ", "ɑ", "ɔ", "ɕ", "ə", "ɚ", "ɛ", "ɤ", "ɥ", "ɹ̩", "ɻ", "ɻ̩", "ʂ", "ʈʂ", "ʈʂʰ", "ʊ", "ʲa", "ʲau̯", "ʲe", "ʲou̯", "ʲɑ", "ʲɛ", "ʲʊ", "ʷa", "ʷai̯", "ʷei̯", "ʷo", "ʷɑ", "ʷə", "ᶣe", "ᶣɛ"], "phone_groups": {"a": ["a"], "ai̯": ["ai̯"], "au̯": ["au̯"], "e": ["e"], "ei̯": ["ei̯"], "f": ["f"], "i": ["i"], "j": ["j"], "k": ["k"], "kʰ": ["kʰ"], "l": ["l"], "m": ["m"], "n": ["n"], "o": ["o"], "ou̯": ["ou̯"], "p": ["p"], "pʰ": ["pʰ"], "s": ["s"], "t": ["t"], "ts": ["ts"], "tsʰ": ["tsʰ"], "tɕ": ["tɕ"], "tɕʰ": ["tɕʰ"], "tʰ": ["tʰ"], "u": ["u"], "w": ["w"], "x": ["x"], "y": ["y"], "ŋ": ["ŋ"], "ɑ": ["ɑ"], "ɔ": ["ɔ"], "ɕ": ["ɕ"], "ə": ["ə"], "ɚ": ["ɚ"], "ɛ": ["ɛ"], "ɤ": ["ɤ"], "ɥ": ["ɥ"], "ɹ̩": ["ɹ̩"], "ɻ": ["ɻ"], "ɻ̩": ["ɻ̩"], "ʂ": ["ʂ"], "ʈʂ": ["ʈʂ"], "ʈʂʰ": ["ʈʂʰ"], "ʊ": ["ʊ"], "ʲa": ["ʲa"], "ʲau̯": ["ʲau̯"], "ʲe": ["ʲe"], "ʲou̯": ["ʲou̯"], "ʲɑ": ["ʲɑ"], "ʲɛ": ["ʲɛ"], "ʲʊ": ["ʲʊ"], "ʷa": ["ʷa"], "ʷai̯": ["ʷai̯"], "ʷei̯": ["ʷei̯"], "ʷo": ["ʷo"], "ʷɑ": ["ʷɑ"], "ʷə": ["ʷə"], "ᶣe": ["ᶣe"], "ᶣɛ": ["ᶣɛ"]}, "version": "2.2.17", "architecture": "gmm-hmm", "train_date": "2024-05-02 21:27:16.259291", "training": {"audio_duration": 871481.944, "num_speakers": 5498, "num_utterances": 181708, "num_oovs": 0, "average_log_likelihood": -0.011660153013972012}, "dictionaries": {"names": ["zh-CN_vxc_lexicon17"], "default": "zh-CN_vxc_lexicon17", "silence_word": "<eps>", "use_g2p": false, "oov_word": "<unk>", "bracketed_word": "[bracketed]", "laughter_word": "[laughter]", "clitic_marker": "'", "position_dependent_phones": false}, "features": {"type": "mfcc", "use_energy": false, "frame_shift": 10, "frame_length": 25, "snip_edges": true, "low_frequency": 20, "high_frequency": 7800, "sample_frequency": 16000, "allow_downsample": true, "allow_upsample": true, "dither": 1, "energy_floor": 0, "num_coefficients": 13, "num_mel_bins": 23, "cepstral_lifter": 22, "preemphasis_coefficient": 0.97, "uses_cmvn": true, "uses_deltas": true, "uses_voiced": false, "uses_splices": false, "uses_speaker_adaptation": true, "use_pitch": false, "use_voicing": false, "min_f0": 50, "max_f0": 800, "delta_pitch": 0.005, "penalty_factor": 0.1, "silence_weight": 0.0, "splice_left_context": 3, "splice_right_context": 3}, "oov_phone": "spn", "optional_silence_phone": "sil", "phone_set_type": "UNKNOWN", "silence_probability": 0.24, "initial_silence_probability": 0.24, "final_silence_correction": 0.99, "final_non_silence_correction": 0.02}