{"phones": ["a", "aj", "aj˥", "aj˥˩", "aj˧", "aj˧˥", "aj˨˩˦", "aj˩", "aw", "aw˥", "aw˥˩", "aw˧", "aw˧˥", "aw˨˩˦", "aw˩", "a˥", "a˥˩", "a˧", "a˧˥", "a˨˩˦", "a˩", "e", "ej", "ej˥", "ej˥˩", "ej˧", "ej˧˥", "ej˨˩˦", "ej˩", "e˥", "e˥˩", "e˧", "e˧˥", "e˨˩˦", "e˩", "f", "i", "i˥", "i˥˩", "i˧", "i˧˥", "i˨˩˦", "i˩", "j", "k", "kʰ", "kʷ", "l", "m", "mʲ", "m̩", "m̩˥", "m̩˥˩", "m̩˧", "m̩˧˥", "m̩˨˩˦", "n", "n̩˥˩", "n̩˧˥", "n̩˨˩˦", "o", "ow", "ow˥", "ow˥˩", "ow˧", "ow˧˥", "ow˨˩˦", "ow˩", "o˥", "o˥˩", "o˧", "o˧˥", "o˨˩˦", "o˩", "p", "pʰ", "pʲ", "pʷ", "s", "t", "ts", "tsʰ", "tɕ", "tɕʰ", "tɕʷ", "tʰ", "tʲ", "tʷ", "u", "u˥", "u˥˩", "u˧", "u˧˥", "u˨˩˦", "u˩", "w", "x", "xʷ", "y", "y˥", "y˥˩", "y˧", "y˧˥", "y˨˩˦", "y˩", "z̩", "z̩˥", "z̩˥˩", "z̩˧", "z̩˧˥", "z̩˨˩˦", "z̩˩", "ŋ", "ŋ̍", "ŋ̍˥˩", "ŋ̍˧˥", "ŋ̍˨˩˦", "ɕ", "ɕʷ", "ə", "ə˥", "ə˥˩", "ə˧", "ə˧˥", "ə˨˩˦", "ə˩", "ɥ", "ɲ", "ɻ", "ʂ", "ʈʂ", "ʈʂʰ", "ʎ", "ʐ", "ʐ̩", "ʐ̩˥", "ʐ̩˥˩", "ʐ̩˧", "ʐ̩˧˥", "ʐ̩˨˩˦", "ʐ̩˩", "ʔ"], "phone_mapping": {"<eps>": 0, "sil": 1, "spn": 2, "a": 3, "aj": 4, "aj˥": 5, "aj˥˩": 6, "aj˧": 7, "aj˧˥": 8, "aj˨˩˦": 9, "aj˩": 10, "aw": 11, "aw˥": 12, "aw˥˩": 13, "aw˧": 14, "aw˧˥": 15, "aw˨˩˦": 16, "aw˩": 17, "a˥": 18, "a˥˩": 19, "a˧": 20, "a˧˥": 21, "a˨˩˦": 22, "a˩": 23, "e": 24, "ej": 25, "ej˥": 26, "ej˥˩": 27, "ej˧": 28, "ej˧˥": 29, "ej˨˩˦": 30, "ej˩": 31, "e˥": 32, "e˥˩": 33, "e˧": 34, "e˧˥": 35, "e˨˩˦": 36, "e˩": 37, "f": 38, "i": 39, "i˥": 40, "i˥˩": 41, "i˧": 42, "i˧˥": 43, "i˨˩˦": 44, "i˩": 45, "j": 46, "k": 47, "kʰ": 48, "kʷ": 49, "l": 50, "m": 51, "mʲ": 52, "m̩": 53, "m̩˥": 54, "m̩˥˩": 55, "m̩˧": 56, "m̩˧˥": 57, "m̩˨˩˦": 58, "n": 59, "n̩˥˩": 60, "n̩˧˥": 61, "n̩˨˩˦": 62, "o": 63, "ow": 64, "ow˥": 65, "ow˥˩": 66, "ow˧": 67, "ow˧˥": 68, "ow˨˩˦": 69, "ow˩": 70, "o˥": 71, "o˥˩": 72, "o˧": 73, "o˧˥": 74, "o˨˩˦": 75, "o˩": 76, "p": 77, "pʰ": 78, "pʲ": 79, "pʷ": 80, "s": 81, "t": 82, "ts": 83, "tsʰ": 84, "tɕ": 85, "tɕʰ": 86, "tɕʷ": 87, "tʰ": 88, "tʲ": 89, "tʷ": 90, "u": 91, "u˥": 92, "u˥˩": 93, "u˧": 94, "u˧˥": 95, "u˨˩˦": 96, "u˩": 97, "w": 98, "x": 99, "xʷ": 100, "y": 101, "y˥": 102, "y˥˩": 103, "y˧": 104, "y˧˥": 105, "y˨˩˦": 106, "y˩": 107, "z̩": 108, "z̩˥": 109, "z̩˥˩": 110, "z̩˧": 111, "z̩˧˥": 112, "z̩˨˩˦": 113, "z̩˩": 114, "ŋ": 115, "ŋ̍": 116, "ŋ̍˥˩": 117, "ŋ̍˧˥": 118, "ŋ̍˨˩˦": 119, "ɕ": 120, "ɕʷ": 121, "ə": 122, "ə˥": 123, "ə˥˩": 124, "ə˧": 125, "ə˧˥": 126, "ə˨˩˦": 127, "ə˩": 128, "ɥ": 129, "ɲ": 130, "ɻ": 131, "ʂ": 132, "ʈʂ": 133, "ʈʂʰ": 134, "ʎ": 135, "ʐ": 136, "ʐ̩": 137, "ʐ̩˥": 138, "ʐ̩˥˩": 139, "ʐ̩˧": 140, "ʐ̩˧˥": 141, "ʐ̩˨˩˦": 142, "ʐ̩˩": 143, "ʔ": 144}, "phone_groups": {"0": ["f"], "1": ["aj", "aj˥", "aj˥˩", "aj˧", "aj˧˥", "aj˨˩˦", "aj˩"], "2": ["aw", "aw˥", "aw˥˩", "aw˧", "aw˧˥", "aw˨˩˦", "aw˩"], "3": ["a", "a˥", "a˥˩", "a˧", "a˧˥", "a˨˩˦", "a˩"], "4": ["ej", "ej˥", "ej˥˩", "ej˧", "ej˧˥", "ej˨˩˦", "ej˩"], "5": ["e", "e˥", "e˥˩", "e˧", "e˧˥", "e˨˩˦", "e˩"], "6": ["i", "i˥", "i˥˩", "i˧", "i˧˥", "i˨˩˦", "i˩", "j"], "7": ["k"], "8": ["kʰ", "kʷ"], "9": ["l", "ʎ"], "10": ["m", "mʲ", "m̩", "m̩˥", "m̩˥˩", "m̩˧", "m̩˧˥", "m̩˨˩˦"], "11": ["n", "n̩˥˩", "n̩˧˥", "n̩˨˩˦", "ɲ"], "12": ["ow", "ow˥", "ow˥˩", "ow˧", "ow˧˥", "ow˨˩˦", "ow˩"], "13": ["o", "o˥", "o˥˩", "o˧", "o˧˥", "o˨˩˦", "o˩"], "14": ["p"], "15": ["pʰ", "pʲ", "pʷ"], "16": ["s"], "17": ["t"], "18": ["ts"], "19": ["tsʰ"], "20": ["tʰ", "tʲ", "tʷ"], "21": ["u", "u˥", "u˥˩", "u˧", "u˧˥", "u˨˩˦", "u˩", "w"], "22": ["x", "xʷ"], "23": ["y", "y˥", "y˥˩", "y˧", "y˧˥", "y˨˩˦", "y˩", "ɥ"], "24": ["z̩", "z̩˥", "z̩˥˩", "z̩˧", "z̩˧˥", "z̩˨˩˦", "z̩˩"], "25": ["ŋ", "ŋ̍", "ŋ̍˥˩", "ŋ̍˧˥", "ŋ̍˨˩˦"], "26": ["ə", "ə˥", "ə˥˩", "ə˧", "ə˧˥", "ə˨˩˦", "ə˩"], "27": [], "28": ["ɕ", "ɕʷ", "ʂ"], "29": ["tɕ", "ʈʂ"], "30": ["tɕʰ", "tɕʷ", "ʈʂʰ"], "31": ["ɻ"], "32": ["ʐ", "ʐ̩", "ʐ̩˥", "ʐ̩˥˩", "ʐ̩˧", "ʐ̩˧˥", "ʐ̩˨˩˦", "ʐ̩˩"], "33": ["ʔ"]}, "version": "3.0.0", "architecture": "gmm-hmm", "train_date": "2024-02-24 22:30:02.579600", "training": {"audio_duration": 2644236.2706876653, "num_speakers": 7272, "num_utterances": 635089, "num_oovs": 0, "average_log_likelihood": -0.11017320284239293}, "dictionaries": {"names": ["mandarin_china_mfa", "mandarin_taiwan_mfa"], "default": "mandarin_china_mfa", "silence_word": "<eps>", "use_g2p": false, "oov_word": "<unk>", "bracketed_word": "[bracketed]", "laughter_word": "[laughter]", "clitic_marker": "'", "position_dependent_phones": false}, "language": "chinese", "features": {"type": "mfcc", "use_energy": false, "frame_shift": 10, "frame_length": 25, "snip_edges": false, "low_frequency": 20, "high_frequency": 7800, "sample_frequency": 16000, "dither": 1, "energy_floor": 0, "num_coefficients": 13, "num_mel_bins": 23, "cepstral_lifter": 22, "preemphasis_coefficient": 0.97, "uses_cmvn": true, "uses_deltas": true, "uses_voiced": false, "uses_splices": false, "uses_speaker_adaptation": true, "use_pitch": true, "use_voicing": true, "min_f0": 50, "max_f0": 800, "delta_pitch": 0.005, "penalty_factor": 0.1, "silence_weight": 0.0, "splice_left_context": 3, "splice_right_context": 3}, "oov_phone": "spn", "optional_silence_phone": "sil", "phone_set_type": "UNKNOWN", "silence_probability": 0.23, "initial_silence_probability": 0.23, "final_silence_correction": 0.99, "final_non_silence_correction": 0.049999999999999996}